Con,Dennistoun,Male,1998-06-13,3,NPA,63,Fail
Leora,Jon,Female,1992-04-30,4,Highers,52,Pass
Roshelle,Musk,Female,1994-07-23,5,NPA,55,Fail
Bronson,Prestland,Male,1996-08-15,6,NPA,13,Fail
Zacherie,Burchill,Male,2002-09-07,7,HND,41,Fail
Paulita,Gisburne,Female,1994-02-15,8,Highers,16,Fail
Justinian,Triplet,Male,1990-02-02,9,NPA,59,Pass
Dickie,Storer,Male,2004-01-05,10,HNC,93,Fail
Ivonne,Tabbernor,Female,1990-12-14,11,HNC,58,Pass
Bert,Farrears,Female,1990-04-21,12,Highers,16,Fail
Northrup,Broadbear,Male,2001-02-10,13,Highers,36,Fail
Anthony,Kinahan,Male,2003-07-24,14,Highers,29,Fail
Shawna,Liccardi,Female,2002-06-23,15,HND,51,Pass
Bobine,Taylorson,Female,1998-10-22,16,NPA,59,Pass
Chandal,Haversum,Female,1991-08-05,17,NPA,2,Fail
Penelopa,Lindegard,Female,1990-07-23,18,HNC,16,Fail
Linnell,Comer,Female,1997-09-25,19,Highers,80,Fail
Jenny,Sterndale,Female,2002-01-23,20,NPA,73,Pass
Neron,Hellyer,Male,2000-09-25,21,NPA,58,Pass
Raquel,Konrad,Female,2002-06-30,22,HND,99,Pass
Broddy,Midson,Male,2002-05-10,23,HNC,68,Fail
Terrie,Flasby,Female,2001-01-24,24,Highers,64,Fail
Ileane,Perigo,Female,2000-03-08,25,Highers,73,Fail
Erasmus,Ledwitch,Male,2000-02-05,26,NPA,39,Fail
Demetra,Jewar,Female,1994-01-20,27,HNC,34,Fail
Miguel,Kemson,Male,1999-09-18,28,HND,68,Pass
Filia,Bjorkan,Female,1990-04-19,29,NPA,64,Pass
Elke,Corkish,Female,1991-02-05,30,NPA,5,Fail
Janelle,Whitsey,Female,1999-09-26,31,Highers,42,Fail
Odetta,Kienlein,Female,1999-08-23,32,NPA,43,Fail
Allianora,Lehemann,Female,1991-03-28,33,NPA,38,Fail
Cullen,Pampling,Male,1991-07-14,34,NPA,40,Fail
Sherwynd,Wolfit,Male,2000-07-23,35,HND,60,Fail
Elie,Licciardi,Female,2000-06-27,36,HNC,46,Fail
Stephine,Vassbender,Female,1998-02-12,37,HNC,40,Fail
Risa,Girardy,Female,1992-11-10,38,NPA,11,Fail
Allianora,Kee,Female,1990-08-22,39,Highers,51,Fail
Alon,Brammar,Male,1991-02-23,40,HNC,89,Fail
Thomasine,Chill,Female,1995-06-11,41,HND,57,Fail
Saunderson,Connell,Male,2003-09-08,42,HNC,58,Fail
Shaine,MacKartan,Female,1990-08-14,43,HND,73,Fail
Sonni,Disney,Female,2001-04-11,44,NPA,91,Pass
Bevvy,Patnelli,Female,1996-09-13,45,HND,41,Fail
Eden,Ney,Female,1990-05-21,46,HND,82,Pass
Will,Harvatt,Male,2003-08-01,47,NPA,53,Fail
Dale,Blabber,Male,1993-06-15,48,Highers,78,Pass
Ailis,Cunnow,Female,2003-09-12,49,Highers,32,Fail
Darn,Warstall,Male,2004-06-10,50,HNC,61,Fail
Francklin,Grisewood,Male,1990-05-31,51,HND,44,Fail
Gabi,Blackledge,Male,1996-11-12,52,HND,81,Fail
Wildon,Incogna,Male,1999-03-11,53,NPA,41,Fail
Selma,Soppit,Female,2001-10-08,54,HNC,9,Fail
Federica,Hubane,Female,1998-06-28,55,HNC,61,Pass
Tine,Fierman,Female,1990-04-23,56,NPA,82,Fail
Flo,Tremain,Female,2004-04-08,57,HNC,75,Fail
Eleen,Robertet,Female,2002-01-04,58,Highers,12,Fail
Lesya,Darwood,Female,2004-03-31,59,HNC,13,Fail
Haley,Affleck,Male,1997-12-30,60,NPA,43,Fail
Elwira,Kensall,Female,1992-02-29,61,HNC,25,Fail
Job,Sheivels,Male,1993-12-17,62,Highers,17,Fail
Alecia,Rysom,Female,1994-06-12,63,NPA,3,Fail
Reynold,Sutcliffe,Male,1998-01-21,64,HNC,59,Fail
Mirabella,Merriment,Female,2003-12-14,65,HNC,66,Fail
Clemens,Filippi,Male,1999-09-20,66,NPA,68,Pass
Murial,Castaneda,Female,2000-08-24,67,Highers,33,Fail
Barnabas,Frichley,Male,2003-11-02,68,NPA,67,Fail
Abrahan,Wipper,Male,1997-08-16,69,NPA,18,Fail
Kerri,Negus,Female,2003-01-11,70,HNC,64,Fail
Elicia,Lomax,Female,1995-11-10,71,Highers,14,Fail
Blakeley,Russilll,Female,2004-01-30,72,NPA,12,Fail
Chantal,Pes,Female,1996-07-05,73,Highers,71,Fail
Flossie,Basili,Female,1996-02-24,74,HND,2,Fail
Merilee,Esgate,Female,1999-10-21,75,HNC,4,Fail
Kessia,Acarson,Female,2004-10-09,76,Highers,51,Fail
Deeann,Wisniowski,Female,1999-07-06,77,Highers,92,Fail
Aylmar,Pendred,Male,2000-04-18,78,HND,67,Fail
Hy,Kubecka,Male,2000-06-17,79,HNC,94,Fail
Megan,McColm,Female,1991-01-12,80,Highers,16,Fail
Charlotta,Mapplebeck,Female,1998-01-23,81,HND,38,Fail
Dorelle,Scamal,Female,1997-07-03,82,HND,47,Fail
Lyndy,Mohan,Female,1990-05-28,83,HNC,39,Fail
Marje,De Courtney,Female,1992-12-17,84,HND,22,Fail
Rosalinde,Haysham,Female,2001-07-27,85,HNC,66,Fail
Hannis,Vlasenkov,Female,2002-01-11,86,HNC,16,Fail
Golda,Bilyard,Female,1997-11-02,87,HNC,94,Pass
Isidore,Lowe,Male,2004-06-10,88,HNC,10,Fail
Donny,Attack,Male,1995-04-28,89,NPA,96,Fail
Inger,Thomson,Female,2000-11-16,90,NPA,50,Fail
Dedra,Binnie,Female,1994-08-13,91,Highers,27,Fail
Dexter,Minci,Male,2003-06-27,92,HND,74,Fail
Torrin,Stace,Male,2003-07-27,93,HNC,58,Pass
Alden,Trunkfield,Male,1999-05-20,94,Highers,98,Fail
Valeda,Ellaman,Female,1990-02-12,95,NPA,100,Fail
Marigold,Rue,Female,1994-03-07,96,HND,31,Fail
Kippar,Badman,Male,2003-02-14,97,HND,99,Pass
Robin,Fewtrell,Male,1993-12-14,98,NPA,2,Fail
Caspar,Drejer,Male,2001-10-30,99,Highers,10,Fail
Shannan,Bevis,Male,1995-10-10,100,HND,4,Fail
Mikol,Bartrap,Male,1999-06-14,101,HNC,70,Pass
Hashim,Takis,Male,1992-12-19,102,HND,41,Fail
Margarethe,Teligin,Female,2004-04-26,103,NPA,61,Pass
Sharla,Blizard,Female,1999-12-04,104,Highers,45,Fail
Reggy,Clohissy,Male,1998-12-25,105,Highers,44,Fail
Tuesday,Llewelly,Female,1995-05-17,106,Highers,5,Fail
Amalie,Dahlback,Female,1990-12-25,107,NPA,22,Fail
Mikkel,Corradetti,Male,1996-11-27,108,HNC,100,Fail
Dodie,Savile,Female,1993-12-06,109,Highers,83,Pass
Mathias,Kupka,Male,1999-11-04,110,HND,82,Fail
Enos,Khristoforov,Male,1997-05-03,111,HNC,43,Fail
Nikolaus,Mathon,Male,2003-05-17,112,HNC,81,Fail
Loy,Priddy,Male,2004-05-14,113,Highers,77,Fail
Sharona,Yukhnev,Female,1994-12-13,114,NPA,57,Pass
Diana,Giacoppoli,Female,1996-06-02,115,HND,55,Pass
Huntington,Gerram,Male,1998-07-01,116,Highers,25,Fail
Dannie,Doone,Male,1990-08-20,117,NPA,99,Pass
Ethelyn,Deer,Female,1998-04-28,118,HNC,47,Fail
Culley,Whymark,Male,2004-05-03,119,HNC,8,Fail
Felice,Rushe,Male,1990-10-03,120,Highers,11,Fail
Noreen,Mickan,Female,1991-02-09,121,HNC,43,Fail
Scotti,Bavester,Male,2004-01-11,122,NPA,95,Fail
Idette,Hinzer,Female,1993-06-22,123,HNC,86,Pass
Maure,Pittaway,Female,1994-04-14,124,NPA,14,Fail
Consalve,Custed,Male,1991-04-04,125,HNC,79,Pass
Pavla,Ivan,Female,1992-12-06,126,HND,53,Pass
Nessy,Behninck,Female,1996-11-30,127,Highers,89,Pass
Rutter,Simmon,Male,1990-06-07,128,NPA,53,Pass
Conny,Juliano,Male,2004-07-24,129,Highers,54,Pass
Cynde,MacGorman,Female,1995-11-18,130,HNC,42,Fail
Lelah,Toppin,Female,2004-09-19,131,HND,76,Pass
Shalne,Lehrian,Female,1991-08-29,132,Highers,72,Pass
Arlene,Ygo,Female,2003-08-08,133,Highers,65,Fail
Neille,Alenikov,Female,2002-05-22,134,HNC,89,Fail
Forest,Endrizzi,Male,1994-08-22,135,NPA,97,Pass
Tanhya,Caldeiro,Female,2002-01-15,136,NPA,72,Pass
Lazarus,Richen,Male,1991-11-11,137,Highers,35,Fail
Julietta,Wortman,Female,2000-03-31,138,NPA,100,Pass
Franny,Sprowson,Male,1993-08-07,139,NPA,51,Pass
Ivar,Brane,Male,1999-03-16,140,HNC,67,Fail
Hale,Lutzmann,Male,2000-01-08,141,HND,86,Fail
Hobey,Pardal,Male,1991-03-16,142,HNC,61,Fail
Tyrus,Repper,Male,1991-01-22,143,HND,4,Fail
Kylie,Morville,Male,2000-02-11,144,NPA,54,Fail
Jefferson,Sweatland,Male,1998-12-07,145,NPA,75,Fail
D'arcy,De Atta,Male,1995-10-08,146,Highers,35,Fail
Cami,Bembrick,Female,1992-06-05,147,HND,12,Fail
Marj,Postins,Female,2003-07-01,148,HND,5,Fail
Agnella,Dronsfield,Female,1991-05-04,149,NPA,74,Pass
Blakeley,Ferguson,Female,1990-12-12,150,HND,41,Fail
Thayne,Patry,Male,1992-01-26,151,Highers,1,Fail
Nev,Boatwright,Male,1997-09-29,152,NPA,18,Fail
Meade,Phelps,Male,1995-07-31,153,Highers,100,Fail
Phil,Wreight,Male,1992-08-21,154,Highers,23,Fail
Winslow,Sleightholm,Male,2003-07-15,155,NPA,61,Fail
Tam,Boule,Male,1990-10-14,156,HNC,14,Fail
Grantley,Moye,Male,1994-03-13,157,HND,14,Fail
Jacki,Igonet,Female,1993-09-01,158,Highers,51,Pass
Edmund,Noton,Male,1991-08-29,159,Highers,95,Fail
Wynny,Dalmon,Female,1993-04-10,160,HNC,69,Fail
Zarla,Christoffersen,Female,1998-05-07,161,NPA,92,Fail
Benny,Haslen,Female,1994-08-13,162,Highers,53,Pass
Leann,Renner,Female,1994-09-26,163,HND,33,Fail
Westleigh,Grute,Male,2000-09-24,164,HND,74,Pass
Jessa,Shand,Female,1995-07-21,165,NPA,81,Fail
Rahel,Clausewitz,Female,1996-03-29,166,NPA,34,Fail
Dulcea,Livingstone,Female,2003-12-18,167,NPA,1,Fail
Elmore,Tollmache,Male,1996-03-11,168,HNC,26,Fail
Jule,Boydell,Male,1995-04-10,169,HNC,28,Fail
Vonnie,Giscken,Female,2002-02-23,170,NPA,64,Fail
Car,Stockoe,Male,2001-03-11,171,HNC,20,Fail
Amie,Munroe,Female,1990-05-24,172,HND,37,Fail
Gifford,Lorinez,Male,1997-06-30,173,NPA,79,Pass
Boyce,Jantet,Male,1994-10-17,174,NPA,26,Fail
Roderic,Summersett,Male,2000-02-11,175,HND,76,Pass
Ichabod,Gauntley,Male,1996-12-20,176,HND,1,Fail
Lorette,Fahrenbach,Female,1991-10-12,177,NPA,96,Pass
Johnette,Drabble,Female,2001-03-28,178,HND,8,Fail
Cary,Eakle,Female,1993-03-19,179,HNC,55,Pass
Gilly,Tevelov,Female,2000-12-11,180,Highers,75,Pass
Anabella,Denys,Female,2001-07-13,181,HNC,99,Fail
Averil,Codi,Male,2001-09-23,182,HND,27,Fail
Lars,Fieldgate,Male,1994-03-11,183,NPA,10,Fail
Alexis,Petty,Male,1993-02-21,184,NPA,75,Pass
Wilt,Goudy,Male,1995-08-28,185,HND,32,Fail
Damara,Conti,Female,1998-11-21,186,HND,69,Fail
Grantley,O'Neal,Male,1990-10-17,187,HNC,26,Fail
Carroll,Chavey,Female,2004-09-30,188,HND,92,Fail
Arther,Mairs,Male,1994-04-26,189,NPA,75,Pass
Ardelle,Barczynski,Female,1998-08-04,190,Highers,73,Pass
Benedikta,Jekyll,Female,2000-07-12,191,HND,49,Fail
Hagen,Housby,Male,1992-04-11,192,NPA,53,Pass
Fowler,Collingwood,Male,2002-04-20,193,HND,71,Fail
Leoline,Snoxall,Female,2001-05-13,194,NPA,48,Fail
Cirstoforo,Fernandes,Male,2002-02-26,195,NPA,6,Fail
Thoma,Chaplain,Male,1991-08-16,196,HND,84,Pass
Tibold,Klousner,Male,1998-06-14,197,Highers,45,Fail
Heall,House,Male,1995-01-13,198,HNC,45,Fail
Bethena,Longhorne,Female,1997-10-30,199,HND,60,Fail
Laurel,Nichols,Female,2003-06-07,200,Highers,99,Pass
Wiley,Sagrott,Male,2002-03-22,201,HNC,85,Pass
Cris,Readshall,Male,1996-02-11,202,NPA,81,Pass
Kelila,Dimitriades,Female,2000-03-28,203,HNC,24,Fail
Andros,Hatchman,Male,1990-10-27,204,NPA,77,Pass
Hi,Wison,Male,2002-12-01,205,NPA,13,Fail
Keely,felip,Female,1997-02-15,206,HNC,99,Fail
Gray,O'Scanlan,Male,2004-02-16,207,HND,19,Fail
Goldarina,Witling,Female,2000-10-23,208,NPA,76,Fail
Dacy,Bizzey,Female,1991-06-12,209,Highers,49,Fail
Greggory,Hupka,Male,2004-09-17,210,Highers,94,Fail
Brande,Bunny,Female,2002-07-03,211,NPA,35,Fail
Ronald,Wenderott,Male,1995-05-31,212,HND,77,Pass
Karly,Piddle,Female,2002-08-30,213,HND,30,Fail
Hendrick,Linstead,Male,1992-03-29,214,HNC,93,Fail
Laney,Dugood,Female,1996-03-31,215,NPA,48,Fail
Horacio,Coursor,Male,1992-10-12,216,HND,49,Fail
Fayina,Usborn,Female,1997-12-09,217,NPA,67,Fail
Neill,Tolchar,Male,1999-06-20,218,HNC,44,Fail
Otha,Grzes,Female,1998-02-28,219,HND,42,Fail
Lishe,Cousins,Female,2004-01-02,220,HNC,88,Fail
Caz,Crayker,Male,1990-08-20,221,NPA,56,Pass
Doreen,Dalman,Female,1994-08-12,222,NPA,19,Fail
Siobhan,Flintuff,Female,1993-06-23,223,Highers,68,Pass
Eachelle,Diben,Female,1991-08-09,224,NPA,40,Fail
Alexandrina,Dietzler,Female,1992-05-13,225,HNC,12,Fail
Lanny,Wilsher,Male,1995-01-08,226,HNC,51,Fail
Ulysses,Jaulmes,Male,1997-06-04,227,NPA,97,Fail
Pascal,Selcraig,Male,2000-02-24,228,Highers,38,Fail
Odelia,Harston,Female,1993-04-19,229,HNC,38,Fail
Chloe,Nix,Female,2003-11-27,230,NPA,41,Fail
Kleon,Stanway,Male,2000-05-13,231,NPA,55,Pass
Carola,Skures,Female,1990-09-20,232,Highers,70,Pass
Stefania,Fursey,Female,1996-08-08,233,Highers,18,Fail
Laney,Eastabrook,Male,1995-09-27,234,HNC,85,Fail
Merci,Gippes,Female,1995-08-23,235,HND,86,Fail
Kahlil,Sarginson,Male,1999-01-14,236,HNC,16,Fail
Mortie,Yeoland,Male,1997-12-06,237,NPA,60,Pass
Allyson,Pleuman,Female,1993-04-19,238,HND,4,Fail
Rickie,Copello,Male,2002-07-01,239,Highers,64,Pass
Chrysa,Clampton,Female,1993-08-07,240,Highers,10,Fail
Malachi,Percifull,Male,1994-09-17,241,NPA,65,Fail
Ronnie,Gartrell,Male,1991-08-12,242,NPA,44,Fail
Sydney,Mariner,Female,2001-12-23,243,NPA,14,Fail
Alvina,Karel,Female,1996-01-15,244,Highers,52,Fail
Truman,Pachta,Male,2002-05-20,245,HND,10,Fail
Anneliese,Simeonov,Female,1994-12-20,246,NPA,81,Fail
Eugen,Cleator,Male,2003-09-14,247,HND,58,Pass
Benita,Ferrone,Female,1992-05-19,248,HND,27,Fail
Iain,Cansdill,Male,2001-09-13,249,HND,90,Pass
Erwin,Jiggens,Male,1996-07-22,250,NPA,65,Pass
Oralia,Everton,Female,1997-09-19,251,Highers,67,Pass
Alastair,Cecchetelli,Male,1991-12-03,252,NPA,88,Fail
Granthem,Leavold,Male,1997-10-05,253,HNC,28,Fail
Myrvyn,Parchment,Male,1998-08-30,254,Highers,35,Fail
Grace,Whitham,Female,1999-04-01,255,HND,70,Pass
Elden,Garlett,Male,1996-11-11,256,HND,81,Pass
Korie,Stoggles,Female,2001-03-11,257,HNC,82,Fail
Jeddy,Klewer,Male,1993-07-23,258,NPA,68,Pass
Brittney,Tanfield,Female,1993-09-02,259,HND,60,Fail
Rosanna,Belch,Female,2002-08-19,260,NPA,72,Pass
Jerrold,Cumberbatch,Male,1993-12-07,261,Highers,97,Fail
Madalena,O'Cullen,Female,2001-12-08,262,HNC,92,Pass
Alvina,Langelay,Female,1996-05-29,263,NPA,14,Fail
Felic,Reynish,Male,1997-02-15,264,NPA,61,Fail
Leilah,Rouke,Female,2000-11-07,265,HNC,92,Pass
Goldie,Lates,Female,1998-05-16,266,HND,83,Pass
Chalmers,Millican,Male,1991-07-04,267,NPA,10,Fail
Hilde,Iltchev,Female,2003-05-02,268,HND,23,Fail
Arlene,Fossick,Female,1991-06-17,269,NPA,10,Fail
Merna,Cotterrill,Female,1994-10-01,270,HNC,68,Pass
Kenny,Mathan,Male,2003-07-20,271,HNC,55,Pass
Josy,Mongeot,Female,1992-10-07,272,Highers,15,Fail
Maribel,Carlsen,Female,2003-07-20,273,NPA,33,Fail
Carey,Sharplin,Male,2003-11-15,274,NPA,24,Fail
Latisha,Colmore,Female,1991-05-15,275,NPA,79,Fail
Noell,Dodswell,Female,2002-03-19,276,NPA,16,Fail
Marcus,Vivian,Male,1995-05-04,277,Highers,78,Pass
Darice,Wythill,Female,1999-06-05,278,HNC,3,Fail
Marcelia,Lenden,Female,1990-09-29,279,HNC,15,Fail
Carlen,Feuell,Female,1999-10-04,280,HNC,55,Fail
Florri,Jolliffe,Female,1992-02-03,281,NPA,95,Pass
Hale,Tofpik,Male,1995-12-11,282,HNC,52,Fail
Emalee,Sinderson,Female,1995-10-04,283,Highers,40,Fail
Mohammed,Heeps,Male,1996-03-19,284,HNC,71,Fail
Karie,Whisson,Female,1993-10-12,285,HNC,42,Fail
Nelie,Jaquemar,Female,1990-03-31,286,HND,38,Fail
Constance,Ollerhad,Female,1994-12-31,287,HNC,63,Pass
Dolorita,Merchant,Female,1998-03-14,288,Highers,20,Fail
Avis,Roscamps,Female,1999-08-15,289,HNC,52,Fail
Pegeen,Lamond,Female,1990-02-18,290,Highers,72,Pass
Fredi,Collum,Female,1998-04-08,291,HNC,100,Fail
Erv,Emmert,Male,2000-10-13,292,Highers,38,Fail
Merrilee,Paiton,Female,2000-11-26,293,NPA,69,Fail
Alic,Athelstan,Male,1990-11-02,294,HND,42,Fail
Sharon,Bown,Female,2000-12-26,295,Highers,57,Fail
Helsa,Basset,Female,1994-07-02,296,HND,91,Pass
Ludvig,Penniell,Male,1991-03-20,297,Highers,15,Fail
Richy,Phythien,Male,1996-09-28,298,HND,40,Fail
Keith,Beaford,Male,2000-12-01,299,NPA,31,Fail
Alec,O'Shavlan,Male,1996-03-23,300,NPA,12,Fail
Basilius,Vowdon,Male,1997-05-08,301,Highers,76,Fail
Anstice,Martynikhin,Female,1996-01-24,302,HNC,43,Fail
Sholom,Mangeon,Male,1992-05-10,303,Highers,7,Fail
Rebbecca,Richichi,Female,2004-08-12,304,Highers,22,Fail
Mariann,Nash,Female,1996-08-23,305,HNC,66,Pass
Sabra,Mayall,Female,1995-01-07,306,Highers,85,Fail
Rivalee,Liddy,Female,1998-09-11,307,HND,90,Pass
Kelsey,Greenig,Male,2003-03-26,308,HND,63,Pass
Berrie,Hendrickx,Female,1992-02-14,309,NPA,20,Fail
Ted,Reece,Female,2003-12-18,310,NPA,56,Pass
Bianka,Matthesius,Female,1995-05-10,311,HNC,74,Fail
Anstice,Jovicic,Female,2003-01-03,312,Highers,16,Fail
Carine,Romanin,Female,1997-07-06,313,Highers,2,Fail
Sissie,Chumley,Female,1993-10-06,314,HND,5,Fail
Colan,Gorner,Male,1998-10-30,315,Highers,33,Fail
Erhard,Lorenzin,Male,2004-09-12,316,HND,97,Pass
Tyler,Alibone,Male,1991-05-23,317,HNC,71,Pass
Jeniece,Ruggs,Female,1999-05-08,318,Highers,41,Fail
Sherwood,Toulson,Male,2001-07-03,319,HND,15,Fail
Bradan,Trinkwon,Male,1990-11-26,320,HNC,8,Fail
Aubrie,Fannon,Female,1991-03-26,321,Highers,86,Fail
Emma,Dilworth,Female,1996-09-03,322,NPA,72,Fail
Rowan,Cussins,Male,2004-12-10,323,Highers,62,Pass
Jordan,Surcombe,Male,1992-12-10,324,HNC,49,Fail
Sallyanne,Lockie,Female,1994-05-23,325,NPA,5,Fail
Gale,Howlin,Male,2002-10-30,326,NPA,33,Fail
Jeanette,Umpleby,Female,1992-01-31,327,Highers,76,Pass
Brant,Spenley,Male,2001-04-07,328,Highers,82,Pass
George,Scudamore,Male,1991-10-09,329,NPA,78,Fail
Petra,Gyngyll,Female,1995-09-14,330,HND,58,Fail
Bernardine,Templeton,Female,1994-07-06,331,HNC,70,Fail
Roddy,Deniseau,Male,1996-11-10,332,Highers,6,Fail
Kalil,Worts,Male,2004-09-09,333,HNC,20,Fail
Melodie,Teal,Female,1998-05-28,334,HND,45,Fail
Alasteir,MacUchadair,Male,1996-11-25,335,HNC,50,Pass
Gusta,Glendza,Female,2003-02-08,336,NPA,77,Pass
Trevor,Morena,Male,1997-01-07,337,NPA,58,Pass
Michel,Hennemann,Male,1991-01-07,338,NPA,87,Fail
Julia,Barham,Female,1994-03-21,339,HNC,95,Fail
Gonzales,Culter,Male,1991-05-19,340,HNC,56,Fail
Zacharias,Adrain,Male,1997-07-21,341,Highers,7,Fail
Emmalyn,Hoxey,Female,1999-01-09,342,HNC,96,Fail
Gilda,Pancoust,Female,1990-05-06,343,HND,93,Fail
Ginny,Rew,Female,1992-10-10,344,Highers,93,Pass
Beniamino,Dongate,Male,1994-05-20,345,NPA,37,Fail
Shelley,Cracknall,Female,1994-03-29,346,HND,4,Fail
Brynna,Holdey,Female,1991-04-27,347,Highers,19,Fail
Katherine,Larwood,Female,1994-07-20,348,Highers,71,Fail
Sven,Penbarthy,Male,1999-04-16,349,Highers,83,Pass
Venita,Aloshkin,Female,2002-03-07,350,NPA,22,Fail
Vanessa,Kiely,Female,1995-07-16,351,HNC,3,Fail
Carl,Schiell,Male,1993-10-31,352,HND,94,Pass
Brynn,Rubenchik,Female,1994-08-20,353,HND,100,Pass
Belva,Lindeman,Female,2000-05-19,354,HNC,45,Fail
Teirtza,Trase,Female,2002-04-01,355,Highers,41,Fail
Netty,Ettels,Female,1991-03-07,356,NPA,37,Fail
Dyane,Kochel,Female,1997-01-26,357,HNC,76,Pass
Wynn,Brownhill,Male,1995-12-15,358,NPA,79,Pass
Elliott,Pygott,Male,2002-02-13,359,NPA,12,Fail
Nixie,Korb,Female,1991-07-05,360,HNC,57,Fail
Zondra,Fust,Female,1998-01-31,361,NPA,87,Pass
Stephi,Cade,Female,1991-04-10,362,HND,16,Fail
Nicolais,Benallack,Male,2001-05-24,363,Highers,65,Fail
Arch,Heninghem,Male,2000-10-20,364,Highers,68,Fail
Irma,Duffet,Female,1998-09-07,365,HNC,75,Pass
Ange,Curee,Male,2004-07-14,366,Highers,70,Fail
Izak,Blitzer,Male,1993-11-01,367,Highers,75,Pass
Alvina,Rodd,Female,1990-07-07,368,HNC,77,Pass
Noach,Pittford,Male,2004-10-28,369,NPA,32,Fail
Tillie,Jakeman,Female,1993-05-09,370,HND,92,Fail
Fleming,Buckthought,Male,1993-02-10,371,HND,20,Fail
Dannie,Jillions,Male,1992-04-04,372,Highers,85,Pass
Kristan,Gilligan,Female,2004-08-07,373,Highers,91,Pass
Aylmar,Gaish,Male,1990-11-19,374,NPA,50,Pass
Yankee,Ponsford,Male,1995-06-08,375,Highers,49,Fail
Moreen,Alvarado,Female,1992-10-09,376,Highers,33,Fail
Kristy,Savery,Female,1994-12-27,377,NPA,35,Fail
Claudian,Scallan,Male,1998-03-23,378,HND,35,Fail
Calvin,Thaim,Male,1993-10-21,379,Highers,22,Fail
Stepha,St. Pierre,Female,2004-01-19,380,HND,80,Pass
Web,Sisselot,Male,1997-02-11,381,Highers,80,Pass
Maddie,Cantrell,Female,1993-07-10,382,NPA,70,Pass
Adella,Harcarse,Female,1996-06-03,383,NPA,2,Fail
Justinian,Bowcher,Male,1995-06-09,384,Highers,97,Pass
Vlad,Fruser,Male,1998-10-24,385,HNC,29,Fail
Essa,Woodstock,Female,1990-02-26,386,HNC,84,Pass
Mikol,Truswell,Male,2001-02-18,387,NPA,5,Fail
Raviv,Cahalan,Male,1996-11-12,388,HND,43,Fail
Louise,Lockley,Female,2000-06-15,389,NPA,73,Fail
Nels,Madelin,Male,1992-01-19,390,Highers,77,Pass
Hetty,Stubbington,Female,1991-03-18,391,HNC,92,Pass
Karissa,Pickrill,Female,2004-09-12,392,NPA,89,Pass
Lotta,Surgey,Female,1990-10-20,393,Highers,76,Fail
Worthington,Giacovelli,Male,1998-10-29,394,NPA,16,Fail
Nydia,Pipping,Female,1998-05-05,395,Highers,29,Fail
Bryana,Cakebread,Female,1992-03-30,396,HNC,84,Pass
Elfrieda,Sowley,Female,1993-12-18,397,Highers,77,Pass
Christoper,Prine,Male,2002-11-11,398,HNC,50,Pass
Gerardo,Gopsall,Male,1994-06-08,399,HND,30,Fail
Jacklyn,Merrill,Female,1996-12-10,400,HND,92,Pass
Merrill,Persence,Female,2001-04-22,401,Highers,52,Fail
Samuele,Pettus,Male,2000-05-28,402,HND,3,Fail
Dov,McKoy,Male,1996-05-16,403,HNC,40,Fail
Stanislaus,Basham,Male,1992-04-16,404,Highers,92,Pass
Ryun,MacGillacolm,Male,1992-05-06,405,HND,46,Fail
Winslow,Budgett,Male,2001-11-28,406,NPA,84,Pass
Drusie,Fawdrie,Female,1993-08-25,407,HND,51,Pass
Susanne,Rowler,Female,2000-05-15,408,HNC,52,Pass
Rhett,Brockelsby,Male,2004-11-02,409,Highers,8,Fail
Bucky,Rogger,Male,2002-10-16,410,HND,44,Fail
Davie,Pellington,Male,2002-04-18,411,NPA,12,Fail
Jareb,Bartolomucci,Male,2004-08-30,412,NPA,88,Fail
Duncan,Defont,Male,1997-05-01,413,HND,39,Fail
Goldina,Plinck,Female,2002-09-04,414,HND,67,Fail
Sydney,Dobbie,Male,1993-05-01,415,HNC,16,Fail
Theobald,Fabbro,Male,2004-06-27,416,NPA,57,Pass
Vevay,Jarry,Female,2002-12-11,417,HND,11,Fail
Goddard,Boxell,Male,1995-10-18,418,HNC,72,Pass
Marinna,Abram,Female,2002-09-06,419,HND,68,Fail
Tarrance,McAughtry,Male,2003-03-26,420,Highers,57,Pass
Aharon,Burkin,Male,2003-01-14,421,HND,37,Fail
Taddeusz,Dealey,Male,2001-03-05,422,HNC,78,Pass
Ban,Mumby,Male,2004-10-31,423,Highers,95,Pass
Aldus,Dunican,Male,1990-10-23,424,NPA,96,Pass
Cassy,Cressar,Female,1998-12-17,425,HNC,39,Fail
Jeanna,Gatrell,Female,1995-08-22,426,Highers,56,Fail
Madison,Fanton,Male,1998-12-18,427,Highers,59,Fail
Virgilio,Mintram,Male,1995-07-27,428,NPA,87,Pass
Traver,Pfertner,Male,1995-03-09,429,HNC,56,Pass
Ddene,Clinch,Female,2001-01-23,430,HNC,56,Pass
Consuela,Cattrell,Female,2003-02-07,431,Highers,40,Fail
Tristan,Van Hove,Male,1994-04-12,432,HND,83,Fail
Penni,Conachy,Female,1998-10-20,433,HND,43,Fail
Blake,Binton,Female,2001-10-08,434,Highers,78,Pass
Humbert,Immings,Male,2003-04-21,435,Highers,80,Pass
Fabio,Tarbath,Male,1993-12-19,436,NPA,9,Fail
Davy,Mullord,Male,1995-09-18,437,NPA,60,Pass
George,Marco,Male,2002-06-08,438,HNC,22,Fail
Shani,Dalinder,Female,1992-06-30,439,Highers,99,Fail
Noach,Bownas,Male,2001-04-21,440,NPA,39,Fail
Erroll,Spradbery,Male,1996-09-28,441,HNC,91,Fail
Kinsley,Nestoruk,Male,1997-03-21,442,HND,39,Fail
Myrtle,Gedge,Female,1999-08-31,443,HNC,15,Fail
Meryl,Grinnov,Male,2001-02-08,444,Highers,37,Fail
Gretchen,Rydeard,Female,1997-06-06,445,HND,54,Pass
Mildrid,Monckman,Female,1998-04-16,446,NPA,9,Fail
Almire,Camm,Female,2004-12-18,447,HNC,17,Fail
Kenna,Halliday,Female,1999-11-01,448,Highers,39,Fail
Nicolina,Gallienne,Female,2003-01-14,449,HND,64,Pass
Virgie,Kindle,Male,2002-08-27,450,Highers,16,Fail
Arnaldo,Boxell,Male,2002-10-03,451,HNC,63,Pass
Garrett,Mahedy,Male,1991-11-20,452,HND,67,Pass
Claybourne,Girardot,Male,1994-02-02,453,NPA,64,Pass
Daron,Prodrick,Male,2000-11-08,454,Highers,91,Fail
Kellina,Brocklesby,Female,1998-07-30,455,NPA,15,Fail
Godfree,Leadston,Male,1999-10-25,456,Highers,68,Fail
Leese,Bartolijn,Female,1999-10-22,457,NPA,36,Fail
Elnore,Thurstance,Female,1997-11-09,458,NPA,79,Pass
Celestyn,Goosnell,Female,1999-10-13,459,NPA,79,Fail
Caril,Sleicht,Female,1992-10-22,460,Highers,21,Fail
Robbert,Dineen,Male,1999-03-17,461,NPA,40,Fail
Adrea,O'Scandall,Female,1998-09-26,462,NPA,17,Fail
Rance,Klempke,Male,2002-03-18,463,HND,23,Fail
Chelsy,Giblett,Female,2004-05-15,464,NPA,84,Pass
Malinde,Tweedy,Female,1998-08-27,465,HNC,51,Pass
Gunner,Kingstne,Male,2001-12-28,466,HNC,58,Fail
Antony,Gley,Male,1990-05-15,467,Highers,35,Fail
Jarrett,Kenn,Male,2003-07-21,468,HND,88,Pass
Jesus,Faulds,Male,2002-03-17,469,HNC,60,Fail
Alvinia,Marklow,Female,1990-07-05,470,HND,38,Fail
Vassili,Raulstone,Male,2004-09-14,471,HNC,40,Fail
Joycelin,Fosbraey,Female,2004-10-13,472,HNC,10,Fail
Cherry,Attack,Female,2003-11-11,473,HND,33,Fail
Calla,Wint,Female,1996-03-21,474,HND,18,Fail
Onfre,O'Nions,Male,1990-08-23,475,HNC,49,Fail
Xever,Bontoft,Male,2000-01-21,476,Highers,76,Pass
Suellen,Koppe,Female,2002-07-04,477,HND,29,Fail
Toby,Dunkinson,Male,1991-07-09,478,HND,30,Fail
Peg,Duckerin,Female,1996-05-17,479,HNC,35,Fail
Donella,Hallwood,Female,1994-12-03,480,HNC,91,Pass
Helge,Duckett,Female,1991-08-18,481,NPA,65,Fail
Derron,Blaber,Male,2004-09-20,482,HND,85,Pass
Emerson,Gibbe,Male,1999-01-01,483,HNC,45,Fail
Yolande,Shambrook,Female,1993-12-29,484,HNC,79,Pass
Chevalier,Keggins,Male,1990-04-05,485,HNC,13,Fail
Nat,Thuillier,Female,1997-05-12,486,NPA,53,Fail
Mair,Rogger,Female,2003-12-03,487,HNC,38,Fail
Tabby,Shave,Female,1990-07-28,488,HND,50,Pass
Domini,Vannah,Female,2000-07-09,489,NPA,31,Fail
Jammie,Crome,Female,2001-01-20,490,NPA,25,Fail
Adah,Amyes,Female,1998-05-25,491,NPA,16,Fail
Tan,Hennemann,Male,2004-01-04,492,NPA,90,Pass
Bertine,Twiggins,Female,2003-11-07,493,Highers,25,Fail
Jonathan,Filipson,Male,2004-11-19,494,HNC,40,Fail
Linet,Savell,Female,1993-05-01,495,NPA,28,Fail
Charil,Bogeys,Female,1999-06-14,496,Highers,32,Fail
Laurie,Hansana,Male,2001-04-21,497,HNC,86,Pass
Teri,Hay,Female,2001-06-24,498,HNC,17,Fail
Seward,Bool,Male,1994-06-15,499,HNC,33,Fail
Read,Tabart,Male,1990-01-22,500,Highers,71,Fail
Greg,McIntee,Male,1990-12-24,501,NPA,75,Fail
Gayle,Bearfoot,Male,1994-01-13,502,HND,40,Fail
Clair,Holburn,Female,1997-05-31,503,NPA,5,Fail
Sherline,Postle,Female,1995-06-30,504,Highers,82,Fail
Lucretia,Bilham,Female,1991-12-02,505,NPA,23,Fail
Carlos,Wallhead,Male,1995-08-17,506,Highers,92,Fail
Carlos,Grimoldby,Male,2001-11-17,507,NPA,77,Pass
Odelle,Rozec,Female,1994-12-01,508,NPA,56,Pass
Adel,Ewdale,Female,1994-09-27,509,HNC,34,Fail
Lauralee,Sollitt,Female,1999-08-05,510,NPA,3,Fail
Guss,Ramage,Male,2000-09-13,511,HND,56,Fail
Quillan,Sherwood,Male,1994-07-15,512,HNC,79,Fail
Mitzi,Critchard,Female,2000-05-26,513,Highers,64,Fail
Francisco,Edy,Male,1991-01-16,514,Highers,8,Fail
Allan,Willcocks,Male,1991-05-26,515,Highers,70,Pass
Rock,Hawtry,Male,2004-03-31,516,Highers,70,Fail
Candida,Keepin,Female,2001-08-28,517,NPA,73,Fail
Madeleine,Sarle,Female,1994-04-08,518,NPA,70,Fail
Kim,Lytlle,Male,1995-12-07,519,HND,8,Fail
Gertie,Do,Female,2001-06-26,520,HND,36,Fail
Shelton,Hanse,Male,2004-02-20,521,HND,30,Fail
Faydra,Oddy,Female,2001-01-03,522,NPA,54,Fail
Henrietta,Murphey,Female,1998-08-24,523,Highers,33,Fail
Mic,Kobelt,Male,1994-07-12,524,HNC,90,Fail
Deloria,Markson,Female,1994-03-27,525,HND,65,Pass
Frederic,Frapwell,Male,2004-12-30,526,Highers,35,Fail
Merna,O'Donohue,Female,1995-03-03,527,HND,90,Fail
Alexandro,Bryde,Male,1993-09-18,528,Highers,46,Fail
Dulcie,Crews,Female,1996-05-09,529,HND,5,Fail
Carver,Figgen,Male,1998-07-19,530,HND,37,Fail
Justus,Pie,Male,1993-07-05,531,NPA,7,Fail
Inge,Tolumello,Female,1992-12-09,532,NPA,5,Fail
Candide,Quail,Female,2001-09-08,533,HND,15,Fail
Ethelbert,Sadgrove,Male,1996-10-31,534,NPA,7,Fail
Padriac,Stores,Male,1995-08-25,535,Highers,79,Pass
Hilary,Glasscock,Male,2002-02-16,536,HND,6,Fail
Albrecht,Lytton,Male,1993-07-05,537,NPA,30,Fail
Susan,Watkiss,Female,1993-05-15,538,Highers,87,Pass
Rachelle,Bowart,Female,1995-05-25,539,HNC,14,Fail
Jamal,Priscott,Male,1999-06-11,540,HNC,96,Pass
Brena,Shore,Female,2001-08-29,541,HNC,57,Pass
Pietro,Grombridge,Male,1998-01-27,542,HND,75,Pass
Germain,Maharry,Male,1992-08-12,543,Highers,22,Fail
Andie,Tomkys,Male,1990-10-03,544,NPA,72,Pass
Stacy,Dockree,Female,1991-09-05,545,HND,28,Fail
Celine,Ebunoluwa,Female,1995-05-30,546,Highers,71,Pass
Oswald,Ruilton,Male,1999-06-10,547,NPA,34,Fail
Kirsti,Darey,Female,2004-11-09,548,NPA,19,Fail
Thomasina,Brimm,Female,1993-05-29,549,HND,18,Fail
Gennie,Scroggins,Female,1999-01-04,550,Highers,82,Fail
Zelig,Tankus,Male,1996-11-07,551,Highers,24,Fail
Abdul,Maestro,Male,1990-07-07,552,NPA,88,Fail
Pat,Ledeker,Male,2003-03-11,553,HNC,69,Fail
Jerri,Warbey,Male,1994-07-03,554,Highers,62,Pass
Nananne,Dodamead,Female,1994-07-29,555,NPA,56,Pass
Levi,Butson,Male,1991-10-02,556,HNC,72,Fail
Bartolomeo,Foden,Male,1999-10-28,557,HNC,11,Fail
Delmore,Shier,Male,1991-01-08,558,HNC,52,Fail
Rolland,Cooch,Male,2001-07-20,559,Highers,15,Fail
Stacie,Hawtin,Female,2003-12-22,560,Highers,24,Fail
Nicolea,Dunsmuir,Female,2003-10-15,561,Highers,24,Fail
Walker,Phoenix,Male,1994-02-06,562,Highers,54,Pass
Reyna,Wych,Female,1994-05-02,563,HNC,44,Fail
Kori,Fontell,Female,1996-01-27,564,HNC,51,Fail
Franz,Roote,Male,1994-01-26,565,HND,19,Fail
Davie,Heaysman,Male,1995-04-15,566,NPA,64,Pass
Karlie,Darnbrough,Female,1998-02-18,567,Highers,60,Fail
Angeli,Davidovitch,Male,1994-10-29,568,HND,11,Fail
Beilul,Yakushkin,Female,2004-12-11,569,NPA,85,Pass
Estrella,Bottrill,Female,1995-08-03,570,NPA,41,Fail
Hunt,Dorracott,Male,1994-05-18,571,HNC,9,Fail
Janet,Longland,Female,1999-06-17,572,Highers,7,Fail
Leonard,Egginson,Male,1993-03-13,573,NPA,74,Pass
Fedora,Cattermoul,Female,2002-01-08,574,Highers,75,Pass
Fara,Seagood,Female,1992-04-19,575,HNC,68,Fail
Mareah,Seadon,Female,1996-02-14,576,Highers,57,Fail
Herby,Linney,Male,1993-05-08,577,Highers,13,Fail
Joni,Sobieski,Female,1995-01-27,578,HND,9,Fail
Ariana,Kastel,Female,1993-03-04,579,NPA,56,Pass
Lemmy,Pawelski,Male,2004-10-26,580,HND,10,Fail
Dion,Bloxham,Male,2004-07-26,581,HND,66,Pass
Frederich,Aldington,Male,1996-04-06,582,HND,38,Fail
Yetta,Polet,Female,2001-06-23,583,NPA,54,Pass
Rinaldo,Fessler,Male,1992-02-13,584,NPA,70,Fail
Emlyn,Emma,Male,1992-09-14,585,NPA,62,Pass
Murvyn,Worsley,Male,1992-04-17,586,NPA,84,Pass
Cathleen,Heyns,Female,1996-08-04,587,HND,39,Fail
Jo,Tuke,Female,1999-04-24,588,HND,13,Fail
Ree,Rumke,Female,2004-06-27,589,HNC,8,Fail
Berta,Condict,Female,1998-11-14,590,Highers,19,Fail
Ingmar,Lawley,Male,2004-11-16,591,HND,95,Fail
Lazaro,Lafont,Male,1995-05-19,592,NPA,78,Fail
Willie,Kosiada,Male,1997-12-14,593,NPA,7,Fail
Robinet,Chittenden,Female,1994-05-01,594,HND,95,Pass
Belita,Gowing,Female,1993-06-28,595,HNC,41,Fail
Onofredo,Lannon,Male,1992-12-25,596,HND,10,Fail
Jermayne,Ineson,Male,1991-05-14,597,NPA,8,Fail
Barbabas,Brittian,Male,1995-06-04,598,Highers,61,Fail
Arluene,Exley,Female,1995-10-22,599,NPA,28,Fail
Robbert,Finnes,Male,2001-11-14,600,HNC,65,Pass
Abbe,Duxbury,Female,1997-03-06,601,NPA,100,Pass
Tammy,Muino,Female,2001-01-28,602,HND,97,Pass
Chucho,Bisgrove,Male,1996-06-19,603,HND,61,Fail
Nial,Fobidge,Male,1991-12-17,604,Highers,90,Fail
Binky,Gocher,Male,1996-09-17,605,HNC,88,Pass
Anjanette,Klazenga,Female,1998-05-04,606,HND,54,Fail
Griffie,Akehurst,Male,1997-08-31,607,HNC,64,Pass
Ahmed,Connock,Male,2002-07-11,608,HNC,82,Fail
Valentijn,Jesper,Male,1993-02-08,609,HND,28,Fail
Margarita,Powelee,Female,1990-06-05,610,HND,87,Pass
Alta,Paullin,Female,1996-05-24,611,NPA,27,Fail
Lucinda,Hustings,Female,2003-04-16,612,Highers,28,Fail
Robyn,Duffree,Female,2000-08-01,613,Highers,76,Fail
Bill,Earwaker,Male,2003-11-30,614,Highers,41,Fail
Susie,Entres,Female,1992-09-13,615,NPA,79,Pass
Ruthie,De Domenico,Female,2004-01-26,616,NPA,45,Fail
Reggie,Clemens,Female,2004-04-22,617,HNC,66,Fail
Jade,Targe,Female,1996-10-09,618,HNC,100,Pass
Shea,Arrington,Male,2002-01-20,619,Highers,3,Fail
Margit,MacMenamy,Female,2004-01-26,620,Highers,88,Pass
Colman,Shevell,Male,1991-03-05,621,Highers,90,Fail
Julianna,Doudney,Female,1994-10-14,622,Highers,97,Fail
Valerie,Lingner,Female,1998-12-19,623,NPA,93,Pass
Thebault,Helin,Male,1997-01-01,624,NPA,76,Fail
Durward,Vardey,Male,1990-11-20,625,Highers,58,Fail
Lola,Aberdeen,Female,1997-04-24,626,HND,81,Fail
Linnet,Murtagh,Female,1998-05-22,627,NPA,4,Fail
Giulietta,Cudihy,Female,2003-06-04,628,Highers,71,Pass
Arluene,Charlwood,Female,2000-11-02,629,HNC,6,Fail
Jerri,Madill,Male,1991-11-07,630,Highers,98,Fail
June,Hallihan,Female,1991-04-12,631,HND,7,Fail
Armand,Chatto,Male,1998-06-29,632,HND,91,Pass
Lydia,Benard,Female,1998-03-27,633,HNC,39,Fail
Dody,Girardoni,Female,1990-12-30,634,HND,8,Fail
Brose,Cowthard,Male,1998-09-22,635,NPA,88,Pass
Joey,Biasio,Male,1992-05-13,636,Highers,43,Fail
Morgana,Clemits,Female,2002-01-08,637,HNC,22,Fail
Lazar,Pullan,Male,2002-08-03,638,NPA,54,Fail
Emmalee,Gosker,Female,1998-03-08,639,HND,46,Fail
Enrico,Maypole,Male,1993-11-28,640,NPA,12,Fail
Julia,Leatt,Female,2002-06-21,641,Highers,88,Pass
Riobard,Balog,Male,2001-11-22,642,Highers,62,Fail
Lyndsay,Ludwig,Female,1999-12-20,643,Highers,1,Fail
Bryce,Sabate,Male,1991-06-20,644,Highers,37,Fail
Madelaine,Annable,Female,1998-04-01,645,HND,33,Fail
Alidia,Binney,Female,2000-06-21,646,NPA,30,Fail
Charleen,Kubek,Female,1998-01-22,647,HNC,94,Pass
Sandye,Sirkett,Female,2002-08-02,648,NPA,51,Pass
Grove,Dodgson,Male,1994-09-29,649,Highers,59,Pass
Prisca,Testro,Female,1994-01-03,650,Highers,6,Fail
Nester,Keyson,Male,1991-10-16,651,Highers,59,Fail
Conroy,Grishelyov,Male,1996-06-04,652,HNC,74,Pass
Delila,Playfoot,Female,1995-04-16,653,HND,99,Fail
Adaline,Titchen,Female,2002-02-13,654,HND,61,Pass
Rahal,Chadderton,Female,1993-12-28,655,HNC,73,Pass
Margalo,Jencey,Female,1997-10-25,656,NPA,93,Fail
Georgianne,Adam,Female,1992-01-25,657,NPA,77,Pass
Shayla,Tocque,Female,2003-01-19,658,Highers,71,Pass
Abraham,Carey,Male,1996-01-12,659,HND,78,Fail
Delmar,Hum,Male,1999-02-02,660,HND,4,Fail
Hatti,Beri,Female,2005-01-14,661,Highers,30,Fail
Jozef,Dudin,Male,2000-05-09,662,HNC,48,Fail
Grover,Wilne,Male,1993-06-26,663,HND,73,Fail
Denney,Buddington,Male,1991-10-30,664,HNC,38,Fail
Orlan,Westley,Male,1991-07-26,665,Highers,66,Fail
Sherm,Breton,Male,2001-09-19,666,HND,8,Fail
Elvin,De Domenico,Male,1990-02-25,667,HNC,39,Fail
Gris,Keyte,Male,2002-12-12,668,HND,28,Fail
Dallas,Croydon,Female,2002-11-25,670,HND,44,Fail
Candice,Isacq,Female,1992-06-18,671,Highers,4,Fail
Howard,Gladden,Male,1993-09-27,672,NPA,11,Fail
Ricky,Fiddymont,Female,1991-07-07,673,HND,9,Fail
Nathanial,Le Huquet,Male,1996-04-28,674,HNC,93,Pass
Baxy,Pollicott,Male,1990-07-16,675,HND,27,Fail
Floria,Steely,Female,1995-07-17,676,HND,37,Fail
Ola,Prator,Female,2000-09-15,677,HND,37,Fail
Carmel,Estevez,Female,1990-09-04,678,Highers,51,Pass
Jeramie,Strelitzki,Male,2001-11-26,679,HNC,95,Pass
Tadeo,Stanyan,Male,2000-05-03,680,HND,1,Fail
Milicent,Piscopiello,Female,2001-09-15,681,Highers,88,Fail
Tildie,Kingsland,Female,1999-08-12,682,HNC,51,Fail
Abbi,Sendall,Female,1992-06-30,683,NPA,83,Pass
Crosby,Kopke,Male,1995-05-11,684,HND,35,Fail
Lowell,Wearing,Male,1994-09-25,685,HNC,27,Fail
Ruthie,Croxon,Female,1994-12-01,686,HNC,55,Fail
Timofei,Olifaunt,Male,2000-06-11,687,HND,61,Pass
Nollie,Buessen,Female,1997-06-03,688,HNC,7,Fail
Marc,Sworn,Male,2004-05-20,689,HND,10,Fail
Daisy,Hardingham,Female,1999-05-21,690,HND,17,Fail
Joete,Condit,Female,1996-03-18,691,Highers,36,Fail
Paddie,Berrecloth,Male,1990-01-29,692,HND,53,Pass
Dorolice,Clemendet,Female,1999-02-23,693,HNC,63,Pass
Cristin,Huggett,Female,1998-08-18,694,HNC,13,Fail
Cass,Exter,Male,1995-04-11,695,NPA,62,Pass
Enos,Ferro,Male,2003-04-26,696,HND,90,Pass
Denys,Radborn,Male,1996-06-23,697,HND,71,Fail
Martainn,Francombe,Male,1997-02-14,698,HND,2,Fail
Haywood,Laurenceau,Male,1996-10-12,699,NPA,91,Fail
Nani,Cranke,Female,2004-04-05,700,HND,94,Fail
Barney,Francis,Male,1992-03-11,701,HNC,31,Fail
Artemis,Perott,Male,1997-10-03,702,HND,10,Fail
Rochester,Kinnett,Male,1992-01-05,703,NPA,45,Fail
Marius,Romao,Male,2001-02-23,704,HNC,32,Fail
Gun,Harkins,Male,1999-06-18,705,HNC,20,Fail
Juliana,O'Sullivan,Female,2003-03-23,706,HNC,9,Fail
Lois,Parkinson,Female,2002-09-25,707,HNC,61,Pass
Aviva,Warret,Female,1992-08-13,708,Highers,61,Pass
Kerianne,Daniau,Female,1997-10-23,709,Highers,32,Fail
Cristiano,Di Dello,Male,1991-02-27,710,NPA,15,Fail
Donni,Symington,Female,2000-12-22,711,Highers,25,Fail
Osgood,Risso,Male,1992-02-25,712,Highers,46,Fail
Tish,Roggeman,Female,1996-07-04,713,Highers,23,Fail
Fernande,Grinikhinov,Female,1992-02-14,714,HNC,30,Fail
Emelda,Kavanagh,Female,1994-04-11,715,NPA,73,Fail
Essy,Reeder,Female,2003-09-23,716,Highers,16,Fail
Duncan,Wandrich,Male,2000-11-23,717,NPA,76,Fail
Breanne,Frickey,Female,2002-09-24,718,NPA,85,Pass
Shane,Marion,Male,1993-11-27,719,NPA,69,Pass
Jacques,Allward,Male,1991-05-27,720,NPA,6,Fail
Willie,Golsthorp,Female,1999-03-20,721,Highers,77,Fail
Herman,Maylam,Male,2000-11-24,722,HNC,53,Fail
Aura,Pahler,Female,2003-11-19,723,HND,79,Pass
Alanah,Ardy,Female,1996-09-09,724,NPA,64,Pass
Nichole,Colebourn,Male,1991-06-29,725,Highers,91,Fail
Chauncey,Raitt,Male,1990-12-12,726,Highers,19,Fail
Heidi,Covelle,Female,1991-02-13,727,NPA,21,Fail
Barrett,Fieller,Male,2004-07-02,728,HND,51,Fail
Wendall,Proudlock,Male,2002-10-14,729,NPA,5,Fail
Filia,Holyland,Female,1991-12-06,730,NPA,66,Fail
Emmie,Feckey,Female,2003-06-17,731,NPA,93,Fail
Jeffie,Latus,Male,1998-05-05,732,HNC,66,Fail
Abba,Tuhy,Male,1998-11-06,733,NPA,95,Pass
Sherwood,Thorowgood,Male,2002-04-04,734,HNC,96,Fail
Ignatius,Capron,Male,1992-05-30,735,Highers,2,Fail
Hazel,Hubble,Male,1995-02-09,736,HND,92,Pass
Galvin,Beston,Male,1999-01-29,737,HNC,6,Fail
Dionisio,Bartlomiej,Male,1992-09-05,738,HNC,53,Fail
Abby,Perigoe,Female,1990-05-18,739,Highers,88,Pass
Chastity,Duckerin,Female,1991-07-17,740,HND,26,Fail
Moina,Keelinge,Female,1997-09-08,741,HND,40,Fail
Merilee,Pingstone,Female,2001-04-22,742,NPA,32,Fail
Archibaldo,Sprigg,Male,2001-02-07,743,NPA,14,Fail
Lazaro,Crookston,Male,1993-10-13,744,NPA,79,Pass
Gilbertine,Legen,Female,2001-08-24,745,Highers,87,Fail
Jordain,Trotton,Female,2000-11-16,746,HND,87,Fail
Genovera,Langhor,Female,1996-12-25,747,Highers,63,Pass
Noemi,Ivanuschka,Female,2000-08-09,748,HNC,12,Fail
Patrizius,Tappin,Male,2003-01-14,749,HNC,34,Fail
Bathsheba,Fitzer,Female,2001-11-21,750,NPA,6,Fail
Gayel,Harce,Female,2001-02-08,751,NPA,100,Pass
Anastasia,Atterbury,Female,1998-04-13,752,NPA,86,Fail
Elbertine,Pagin,Female,2002-11-07,753,Highers,67,Fail
Maximilianus,Casseldine,Male,1995-05-08,754,Highers,99,Pass
Ron,Frantzen,Male,1995-08-24,755,HNC,91,Pass
Helsa,Bilbery,Female,1992-08-18,756,Highers,16,Fail
Skipp,Uff,Male,1994-02-01,757,HND,80,Fail
Dana,Beardow,Female,1997-12-18,758,HNC,76,Fail
Cyndia,Puckring,Female,1997-09-03,759,Highers,77,Pass
Dela,Gouldsmith,Female,1998-08-10,760,Highers,50,Pass
Tracy,Celloni,Male,1997-07-19,761,HNC,33,Fail
Meghann,Karpov,Female,2000-09-14,762,Highers,31,Fail
Gertie,Cheese,Female,2002-02-03,763,Highers,48,Fail
Garrard,Crosetto,Male,1992-10-05,764,HNC,7,Fail
Hortense,Hansemann,Female,1991-04-14,765,HND,51,Fail
Ellerey,Turri,Male,1995-05-22,766,NPA,92,Pass
Butch,Soldi,Male,1990-12-02,767,HNC,44,Fail
Simeon,Mirfield,Male,1998-09-10,768,Highers,4,Fail
Laureen,Quant,Female,1993-08-28,769,NPA,40,Fail
Sebastiano,Dyter,Male,1993-09-30,770,HND,99,Fail
Craig,Drable,Male,2001-01-26,771,Highers,52,Pass
Brandi,Perrelli,Female,2002-08-20,772,NPA,9,Fail
Izzy,Batecok,Male,1994-10-07,773,HNC,34,Fail
Sholom,Brockbank,Male,1999-12-08,774,HND,57,Fail
Elysia,Libbey,Female,1993-01-05,775,Highers,69,Pass
Jannelle,Galea,Female,1992-01-03,776,NPA,49,Fail
Marcia,Feechum,Female,2001-09-27,777,Highers,76,Fail
Pietrek,Musson,Male,1990-04-08,778,HND,47,Fail
Friedrick,Wille,Male,2004-01-01,779,Highers,72,Fail
Kellsie,Ribou,Female,1997-08-09,780,NPA,67,Pass
Eliza,Godmar,Female,1991-05-28,781,HND,5,Fail
Falkner,Rosencrantz,Male,2002-12-21,782,NPA,88,Fail
Raddie,Yallowley,Male,1993-09-10,783,HNC,23,Fail
Wendall,Perone,Male,2000-07-12,784,NPA,83,Pass
Rex,Pauer,Male,2004-04-19,785,HNC,93,Pass
Lindie,Kirvin,Female,2002-07-11,786,HND,84,Pass
Valentine,Crean,Male,1991-03-26,787,NPA,72,Fail
Aubrey,Mcwhinney,Female,1997-06-24,788,HNC,97,Pass
Cesaro,Shah,Male,2000-10-03,789,HNC,47,Fail
Feodor,Eldred,Male,2003-08-20,790,Highers,56,Fail
Dorris,Munby,Female,2000-12-22,791,HNC,97,Pass
Kinny,Danilovic,Male,2000-12-28,792,HNC,11,Fail
Georgianna,Eblein,Female,2002-05-16,793,NPA,46,Fail
Barrie,Benoy,Female,1997-09-07,794,HNC,100,Pass
Amelita,Ginnell,Female,2003-12-14,795,Highers,44,Fail
Dall,Arp,Male,1995-01-27,796,Highers,36,Fail
Jedidiah,Greggs,Male,1990-06-03,797,Highers,98,Fail
Flo,Enrrico,Female,1998-09-09,798,HNC,59,Fail
Lorilee,Wadman,Female,1992-06-19,799,Highers,79,Fail
Napoleon,Guerreru,Male,2001-02-04,800,NPA,96,Pass
Drusi,Sisley,Female,2001-05-10,801,NPA,41,Fail
Estrellita,Weepers,Female,2002-03-23,802,NPA,6,Fail
Tracey,Jensen,Female,1993-06-13,803,NPA,11,Fail
Norby,Fulep,Male,1998-02-25,804,Highers,83,Pass
Erskine,Pepperd,Male,2000-04-17,805,HNC,28,Fail
Addie,Catton,Male,1991-08-07,806,HNC,96,Fail
Crissy,Boam,Female,1990-10-17,807,NPA,46,Fail
Devan,Gallymore,Female,2002-07-27,808,HNC,63,Fail
Nigel,Presdie,Male,1995-03-02,809,NPA,68,Pass
Reinaldo,Sever,Male,2002-08-01,810,HNC,11,Fail
Dagmar,Stenbridge,Female,2002-03-26,811,NPA,52,Fail
Sampson,Gaunter,Male,1997-07-08,812,HND,12,Fail
Barbabas,Gisburne,Male,2001-03-09,813,NPA,48,Fail
Tarra,Shelly,Female,1990-08-01,814,Highers,92,Fail
Artus,Clucas,Male,1991-03-24,815,Highers,55,Fail
Alaine,Beazey,Female,2003-06-15,816,HNC,36,Fail
Stephana,Dimitriades,Female,2000-11-03,817,HNC,32,Fail
Ezmeralda,Prestie,Female,1998-12-05,818,NPA,63,Pass
Roley,Farlambe,Male,1996-03-16,819,HND,52,Pass
Dianemarie,Hinkens,Female,1995-02-21,820,NPA,94,Pass
Ramsey,Sherlock,Male,1999-01-07,821,Highers,54,Pass
Fleming,Ferrino,Male,1996-12-12,822,HND,96,Fail
Ximenez,Gramer,Male,1995-06-11,823,NPA,70,Fail
Garth,Swinburn,Male,1992-09-15,824,NPA,34,Fail
Tamarah,Elis,Female,1990-10-07,825,Highers,64,Pass
Cloe,Stalf,Female,1996-06-11,826,HND,13,Fail
Eada,Bread,Female,1996-06-13,827,HNC,24,Fail
Nikoletta,Kingcott,Female,1996-08-29,828,Highers,74,Fail
Augustina,Gatchel,Female,1999-12-14,829,Highers,40,Fail
Dagny,Risbie,Male,1990-06-20,830,HNC,14,Fail
Tildi,Arends,Female,1991-09-29,831,NPA,22,Fail
Abbie,Toffetto,Female,1992-03-26,832,Highers,79,Fail
Erie,Malcolm,Male,1993-11-12,833,HNC,42,Fail
Aarika,Brownlee,Female,2005-01-02,834,NPA,95,Fail
Ariel,Megroff,Male,2004-07-05,835,Highers,45,Fail
Winn,Biaggiotti,Male,1993-10-28,836,HND,21,Fail
Emily,Praton,Female,2001-01-05,837,HNC,57,Pass
Daffie,Vidyapin,Female,1998-02-09,838,Highers,1,Fail
Loydie,Roxburch,Male,1996-05-27,839,NPA,75,Pass
Damien,Longstreet,Male,1998-12-30,840,NPA,31,Fail
Reed,Janacek,Male,1997-01-03,841,HND,95,Fail
Somerset,Erricker,Male,2002-11-11,842,HND,53,Fail
Gwyneth,Dunmuir,Female,1992-09-29,843,HNC,10,Fail
Perceval,Dwelley,Male,1990-06-05,844,HNC,39,Fail
Cthrine,Gogerty,Female,2003-10-28,845,HND,82,Fail
Christan,Pococke,Female,1990-02-13,846,NPA,97,Fail
Biddie,Gulleford,Female,2000-09-11,847,NPA,64,Pass
Kara-lynn,Rigg,Female,1991-09-02,848,NPA,38,Fail
Dorry,Patters,Female,1992-09-26,849,NPA,93,Pass
Alaric,Wallbridge,Male,2002-08-10,850,Highers,62,Fail
Ferne,Chapple,Female,1990-07-28,851,HNC,39,Fail
Johny,Iveans,Male,2000-03-31,852,HNC,78,Pass
Haily,Drummond,Female,2001-09-09,853,NPA,86,Pass
Pyotr,Pavinese,Male,2001-12-09,854,HNC,83,Pass
Ava,Purkess,Female,2003-09-17,855,Highers,55,Pass
Tara,Binch,Female,2003-05-08,856,HNC,25,Fail
Teodor,Bullivant,Male,1994-11-07,857,HNC,65,Fail
Maurie,Staddom,Male,1994-08-25,858,HNC,11,Fail
Sly,Woolston,Male,2001-11-01,859,Highers,34,Fail
Sauveur,Bienvenu,Male,1995-09-10,860,HND,8,Fail
Lorianna,Beet,Female,2004-02-07,861,HND,50,Fail
Gradeigh,Sebire,Male,1995-02-01,862,Highers,16,Fail
Tadio,Treker,Male,1997-10-02,863,NPA,18,Fail
Pinchas,Sneller,Male,2002-05-04,864,HND,88,Fail
Josi,Redon,Female,2002-08-24,865,NPA,25,Fail
Glyn,Lacoste,Male,1991-05-07,866,HNC,23,Fail
Ransell,Morson,Male,1998-10-26,867,HNC,48,Fail
Ulises,Cleevely,Male,1992-11-24,868,HNC,88,Fail
Steffi,Howchin,Female,1997-01-12,869,Highers,35,Fail
Rowe,Palethorpe,Female,1993-08-31,870,HNC,63,Pass
Nicolai,Payfoot,Male,1996-04-24,871,HND,74,Fail
Olive,Starkie,Female,1991-10-04,872,NPA,4,Fail
Dylan,Bunton,Male,2000-10-06,873,HND,80,Pass
Malvina,Forker,Female,2000-05-04,874,HNC,84,Fail
Gabrielle,Palfreeman,Female,2004-09-19,875,HND,77,Fail
Derek,Blackesland,Male,1995-12-23,876,Highers,13,Fail
Guinevere,Cregeen,Female,1990-12-12,877,HND,12,Fail
Tildi,Paggitt,Female,1996-01-10,878,NPA,63,Pass
Deeanne,Pohlak,Female,2000-12-19,879,Highers,16,Fail
Mahmoud,Rosle,Male,2000-08-14,880,Highers,5,Fail
Brigham,Garnall,Male,2000-11-21,881,HND,95,Fail
Chadwick,Crufts,Male,1999-07-15,882,HNC,36,Fail
Roxi,Condon,Female,2005-01-09,883,Highers,23,Fail
Kelsi,Perton,Female,1996-09-13,884,NPA,41,Fail
Read,Winslet,Male,2004-03-01,885,Highers,13,Fail
Theodore,Figures,Male,2004-06-09,886,Highers,96,Pass
Ulla,Goodbur,Female,1997-09-01,887,HNC,43,Fail
Stanislaw,Skoate,Male,2004-06-14,888,NPA,36,Fail
Carroll,O'Sheils,Female,1993-01-01,889,HNC,43,Fail
Harcourt,Anton,Male,1998-04-26,890,NPA,33,Fail
Yale,Gonin,Male,1995-06-25,891,HNC,53,Fail
Melly,Durning,Female,1993-10-31,892,NPA,54,Fail
Vinita,Dunklee,Female,2003-06-15,893,HND,87,Fail
Jarvis,Checci,Male,1991-02-05,894,HNC,33,Fail
Leopold,Pencost,Male,1991-06-11,895,NPA,24,Fail
Elaine,Seemmonds,Female,2000-04-30,896,Highers,83,Pass
Glendon,Mesnard,Male,1993-04-18,897,NPA,50,Pass
Yves,Crick,Male,1994-12-12,898,HND,94,Fail
Doloritas,Bartolomucci,Female,2000-10-03,899,HND,17,Fail
Ricky,Blood,Male,1993-11-05,900,HNC,18,Fail
Loreen,Tramel,Female,2002-02-22,901,NPA,21,Fail
Cornell,Gookey,Male,1991-07-22,902,HNC,84,Pass
Marcellina,Jurek,Female,2001-06-18,903,HND,88,Fail
Gloria,Jepp,Female,1994-03-07,904,HNC,56,Fail
Etta,Kohring,Female,1994-01-19,905,HNC,18,Fail
Jilleen,Tremble,Female,2005-01-15,906,NPA,83,Fail
Dewie,Gillet,Male,1993-06-15,907,NPA,83,Pass
Seline,Wethey,Female,1999-10-21,908,HND,25,Fail
Nancey,Ivanshintsev,Female,1991-08-13,909,NPA,36,Fail
Eleonora,Openshaw,Female,1992-06-08,910,HND,76,Pass
Dew,Symcoxe,Male,1995-08-28,911,NPA,100,Fail
Nichols,Groll,Male,1996-03-24,912,Highers,2,Fail
Raymond,Dockery,Male,1995-11-02,913,HND,86,Pass
Ibby,Orbell,Female,1999-09-17,914,HND,8,Fail
Kerianne,Jodlowski,Female,2003-09-18,915,Highers,65,Pass
Devlen,Holtham,Male,1998-12-19,916,HND,83,Pass
Coreen,Verheijden,Female,1997-01-31,917,Highers,13,Fail
Fabe,Scinelli,Male,1999-06-05,918,HND,2,Fail
Titos,Spuffard,Male,1999-04-07,919,NPA,17,Fail
Robinet,Ronca,Male,1996-09-28,920,NPA,85,Pass
Barret,Haldenby,Male,1995-05-31,921,NPA,10,Fail
Violante,Leftridge,Female,1995-04-05,922,HNC,13,Fail
Lois,Skedge,Female,1996-08-28,923,Highers,82,Pass
Pearl,Gilmore,Female,2001-09-16,924,Highers,72,Fail
Aurel,Khalid,Female,1997-12-06,925,HNC,55,Pass
Benny,Dealey,Male,1991-01-20,926,HNC,47,Fail
Ferd,Drinkhall,Male,1999-12-31,927,HNC,66,Pass
Shepperd,Rugg,Male,1990-04-17,928,HNC,80,Fail
Werner,Goschalk,Male,1990-05-23,929,HND,84,Pass
Olva,Magor,Female,1998-03-10,930,HND,70,Fail
Cleavland,Dutchburn,Male,1992-05-28,931,HNC,94,Pass
Charmaine,Bosward,Female,2003-02-05,932,NPA,99,Pass
Selestina,Rawson,Female,1995-07-02,933,Highers,5,Fail
Carney,Malt,Male,1992-03-28,934,Highers,3,Fail
Drucill,Kerss,Female,1993-01-30,935,NPA,73,Fail
Tammara,Barczewski,Female,2000-02-24,936,Highers,23,Fail
Boniface,Dodgshon,Male,1997-08-19,937,NPA,80,Pass
Cordell,Yates,Male,1998-09-10,938,HNC,90,Pass
Franny,Hyam,Female,2001-04-26,939,NPA,41,Fail
Cirstoforo,Blues,Male,2003-10-22,940,Highers,18,Fail
Burnaby,Bladen,Male,2000-06-01,941,NPA,12,Fail
Paco,Gerok,Male,1999-06-08,942,HNC,37,Fail
Gwennie,Duxbury,Female,1993-10-24,943,HNC,22,Fail
Binnie,Goodluck,Female,1996-04-09,944,HNC,39,Fail
Gorden,Freddi,Male,1996-11-27,945,HND,72,Pass
Ronda,Truse,Female,1997-04-19,946,Highers,31,Fail
Clim,Digle,Male,1991-05-19,947,NPA,64,Pass
Liz,Muggeridge,Female,2001-07-16,948,HNC,29,Fail
Gunilla,Treweela,Female,1994-08-29,949,NPA,55,Pass
Marcy,Stirrup,Female,1994-01-07,950,HND,25,Fail
Sondra,Klich,Female,2003-01-18,951,HNC,97,Pass
Brewster,Meekin,Male,1991-11-11,952,NPA,88,Fail
Marigold,Martinon,Female,1993-09-23,953,Highers,75,Pass
Charlie,Keers,Male,1991-07-06,954,NPA,72,Fail
Alejandra,Hindrich,Female,1996-02-28,955,HND,17,Fail
Fields,Adamsky,Male,1995-01-03,956,HND,15,Fail
Zarah,Virr,Female,1996-11-27,957,NPA,73,Pass
Kile,Vain,Male,2004-04-16,958,NPA,20,Fail
Thorsten,Varvara,Male,1997-09-21,959,HNC,76,Pass
Court,Bedder,Male,1996-04-25,960,HNC,71,Pass
Caitrin,Kuhnhardt,Female,1992-11-27,961,NPA,79,Pass
Dorris,Munnis,Female,1991-08-20,962,Highers,22,Fail
Paulita,Kemshell,Female,2002-06-08,963,HNC,74,Fail
Vallie,Coners,Female,1991-04-19,964,HNC,54,Fail
Dael,Craise,Male,1997-10-19,965,HNC,64,Fail
Aldus,Pollendine,Male,1991-10-09,966,NPA,55,Fail
Rosanne,Izen,Female,2003-12-13,967,Highers,50,Fail
Sollie,Marklow,Male,2001-04-14,968,HNC,6,Fail
Mellicent,Dowry,Female,2003-10-07,969,NPA,93,Fail
Isaak,Thacke,Male,2004-12-07,970,HND,41,Fail
Corabel,Simenot,Female,1998-09-16,971,Highers,57,Pass
Drusy,Briereton,Female,1997-03-02,972,Highers,19,Fail
Osbert,Trodden,Male,1998-04-29,973,HNC,88,Pass
Griff,Makiver,Male,1994-06-15,974,NPA,43,Fail
Wren,Pomfret,Female,1991-12-14,975,HNC,46,Fail
Dan,Gozney,Male,2003-09-16,976,HNC,8,Fail
Maximo,Sineath,Male,2003-04-10,977,NPA,100,Fail
Josefa,O'Devey,Female,1992-05-28,978,HND,34,Fail
Freddy,Eidler,Male,2001-02-06,979,HNC,34,Fail
Lucais,Tytherton,Male,1998-05-02,980,NPA,89,Pass
Katrina,Guyer,Female,1998-12-30,981,NPA,62,Fail
Sandro,Comsty,Male,2000-05-18,982,HND,87,Pass
Halli,Sirkett,Female,1993-10-29,983,HNC,30,Fail
Yolane,Besant,Female,1992-03-14,984,HND,8,Fail
Yank,Gorthy,Male,2001-12-22,985,NPA,78,Pass
Danny,Sheringham,Male,1990-01-30,986,NPA,86,Pass
Garv,Noods,Male,2001-02-10,987,HNC,39,Fail
Bob,Walklot,Male,1997-11-14,988,NPA,6,Fail
Debee,Dunsmore,Female,1990-03-02,989,Highers,9,Fail
Bonita,Giraldon,Female,1991-06-28,990,NPA,63,Pass
Vivianna,Brigge,Female,1999-12-04,991,HNC,58,Fail
Pace,Gaucher,Male,1995-05-06,992,HNC,96,Fail
Carmina,Kippen,Female,2001-09-21,993,Highers,18,Fail
Jorge,Sharland,Male,1999-12-29,994,Highers,91,Fail
Jonah,Maydwell,Male,1996-02-15,995,Highers,20,Fail
Travis,O'Clery,Male,2002-09-05,996,Highers,73,Pass
Paton,Gussin,Male,2001-11-20,997,HNC,35,Fail
Janice,Ivakhno,Female,1992-10-28,998,Highers,41,Fail
